File_ID,Species,Run_Plate,UMAP1,UMAP2,UMAP3,Cluster,is_outlier,n_peaks,Cluster_Label,peak_id,mz_observed,intensity,snr,mz_theoretical,ppm_error,ptm_count,predicted_intensity,intensity_ratio,confidence_score,cluster_id,Confidence_Score,PPM_Error,mz,Centroid_F+16,Int_F+16,extraction_batch,spot,plate,century,period,PQI,PNI,COL3A1_Peaks,Fibre_Load,Dust_Load,Fetal_Markers,Gelatin_Correlation,Structure_Index,Predicted_d13C,Predicted_d15N,COL1A1_Corrected,COL1A2_Corrected,COL1A1_to_COL1A2_Ratio,Age_Confidence,Ratio_QC,Gelatin_Index,PNI_NonNP,PNI_NP,Total_Ion_Count,Hydroxylation_Ratio,Starch_Plant_Source,Starch_Confidence,Starch_Signal,eggs_signal,eggs_num_matches,milk_signal,milk_num_matches,starch_signal,starch_num_matches,Cluster_ID,Centroid_A,Int_A,Centroid_B1,Int_B1,Centroid_E,Int_E,Centroid_G,Int_G,Centroid_B2,Int_B2,Centroid_F-16,Int_F-16,Centroid_D,Int_D,Centroid_F,Int_F,Centroid_C,Int_C,filename,marker_id_helical,species,gene,ptm_type,match_type,isotope_cluster,notes,Extracted_SampleID,SampleType,Gene,Marker_ID,sample_id,collection,codex,folium,Species_Predicted,Age_Category,Gelatin_Score,Age_Class,Disulfide_Status,Hydroxylation_Status,Starch_Detected,eggs_detected,milk_detected,starch_detected,Spectrum_Image,Quality_Image
63 146/F.txt,Unknown,,0.031570528,-0.54173857,0.21069539,1,False,0,1,,,,,,,,,,,,,,,,,,,,,,,,,,,,,,,,,,,,,,,,,,,,,,,,,,,,,,,,,,,,,,,,,,,,,,,,,,,,,,,,,,,,,,,,,,,,,,,,pipeline_output/report/2026_01_16/63 146/F.txt_Spectrum.png,pipeline_output/report/2026_01_16/63 146/F.txt_Quality.png
63 6/H.txt,Unknown,,0.07730784,-0.35030252,0.3361713,1,False,0,1,,,,,,,,,,,,,,,,,,,,,,,,,,,,,,,,,,,,,,,,,,,,,,,,,,,,,,,,,,,,,,,,,,,,,,,,,,,,,,,,,,,,,,,,,,,,,,,,pipeline_output/report/2026_01_16/63 6/H.txt_Spectrum.png,pipeline_output/report/2026_01_16/63 6/H.txt_Quality.png
65 130/H.txt,Unknown,,0.030575395,-0.6118997,0.108308636,1,False,0,1,,,,,,,,,,,,,,,,,,,,,,,,,,,,,,,,,,,,,,,,,,,,,,,,,,,,,,,,,,,,,,,,,,,,,,,,,,,,,,,,,,,,,,,,,,,,,,,,pipeline_output/report/2026_01_16/65 130/H.txt_Spectrum.png,pipeline_output/report/2026_01_16/65 130/H.txt_Quality.png
67 149/H.txt,Unknown,,-0.059807647,-0.49700093,0.18881732,1,False,0,1,,,,,,,,,,,,,,,,,,,,,,,,,,,,,,,,,,,,,,,,,,,,,,,,,,,,,,,,,,,,,,,,,,,,,,,,,,,,,,,,,,,,,,,,,,,,,,,,pipeline_output/report/2026_01_16/67 149/H.txt_Spectrum.png,pipeline_output/report/2026_01_16/67 149/H.txt_Quality.png
67 86/H.txt,Unknown,,-0.119862504,-0.69598407,0.0831998,1,False,0,1,,,,,,,,,,,,,,,,,,,,,,,,,,,,,,,,,,,,,,,,,,,,,,,,,,,,,,,,,,,,,,,,,,,,,,,,,,,,,,,,,,,,,,,,,,,,,,,,pipeline_output/report/2026_01_16/67 86/H.txt_Spectrum.png,pipeline_output/report/2026_01_16/67 86/H.txt_Quality.png
Cod 65/77r/f.txt,Unknown,,0.36257634,-0.54161364,0.28184405,1,False,0,1,,,,,,,,,,,,,,,,,,,,,,,,,,,,,,,,,,,,,,,,,,,,,,,,,,,,,,,,,,,,,,,,,,,,,,,,,,,,,,,,,,,,,,,,,,,,,,,,pipeline_output/report/2026_01_16/Cod 65/77r/f.txt_Spectrum.png,pipeline_output/report/2026_01_16/Cod 65/77r/f.txt_Quality.png
Cold 65 129/f.txt,Unknown,,0.24401684,-0.33286774,0.47470722,1,False,0,1,,,,,,,,,,,,,,,,,,,,,,,,,,,,,,,,,,,,,,,,,,,,,,,,,,,,,,,,,,,,,,,,,,,,,,,,,,,,,,,,,,,,,,,,,,,,,,,,pipeline_output/report/2026_01_16/Cold 65 129/f.txt_Spectrum.png,pipeline_output/report/2026_01_16/Cold 65 129/f.txt_Quality.png
ET 1.txt,Unknown,,-0.20803359,-0.51755047,-2.4725635,5,False,0,5,,,,,,,,,,,,,,,,,,,,,,,,,,,,,,,,,,,,,,,,,,,,,,,,,,,,,,,,,,,,,,,,,,,,,,,,,,,,,,,,,,,,,,,,,,,,,,,,pipeline_output/report/2026_01_16/ET 1.txt_Spectrum.png,pipeline_output/report/2026_01_16/ET 1.txt_Quality.png
ET 10.txt,Unknown,,-1.203508,0.8574546,-0.6396341,-1,True,0,-1,,,,,,,,,,,,,,,,,,,,,,,,,,,,,,,,,,,,,,,,,,,,,,,,,,,,,,,,,,,,,,,,,,,,,,,,,,,,,,,,,,,,,,,,,,,,,,,,pipeline_output/report/2026_01_16/ET 10.txt_Spectrum.png,pipeline_output/report/2026_01_16/ET 10.txt_Quality.png
ET 14.txt,Unknown,,2.3721797,1.205508,0.7162661,0,False,0,0,,,,,,,,,,,,,,,,,,,,,,,,,,,,,,,,,,,,,,,,,,,,,,,,,,,,,,,,,,,,,,,,,,,,,,,,,,,,,,,,,,,,,,,,,,,,,,,,pipeline_output/report/2026_01_16/ET 14.txt_Spectrum.png,pipeline_output/report/2026_01_16/ET 14.txt_Quality.png
ET 18.txt,Unknown,,2.4907763,1.0976977,0.7657543,0,False,0,0,,,,,,,,,,,,,,,,,,,,,,,,,,,,,,,,,,,,,,,,,,,,,,,,,,,,,,,,,,,,,,,,,,,,,,,,,,,,,,,,,,,,,,,,,,,,,,,,pipeline_output/report/2026_01_16/ET 18.txt_Spectrum.png,pipeline_output/report/2026_01_16/ET 18.txt_Quality.png
ET 2.txt,Unknown,,1.3727812,0.72747976,-0.53019446,0,False,0,0,,,,,,,,,,,,,,,,,,,,,,,,,,,,,,,,,,,,,,,,,,,,,,,,,,,,,,,,,,,,,,,,,,,,,,,,,,,,,,,,,,,,,,,,,,,,,,,,pipeline_output/report/2026_01_16/ET 2.txt_Spectrum.png,pipeline_output/report/2026_01_16/ET 2.txt_Quality.png
ET 20.txt,Unknown,,2.243452,1.1061076,0.5985143,0,False,0,0,,,,,,,,,,,,,,,,,,,,,,,,,,,,,,,,,,,,,,,,,,,,,,,,,,,,,,,,,,,,,,,,,,,,,,,,,,,,,,,,,,,,,,,,,,,,,,,,pipeline_output/report/2026_01_16/ET 20.txt_Spectrum.png,pipeline_output/report/2026_01_16/ET 20.txt_Quality.png
ET 21.txt,Unknown,,0.6102358,-0.4069975,-1.5458041,4,False,0,4,,,,,,,,,,,,,,,,,,,,,,,,,,,,,,,,,,,,,,,,,,,,,,,,,,,,,,,,,,,,,,,,,,,,,,,,,,,,,,,,,,,,,,,,,,,,,,,,pipeline_output/report/2026_01_16/ET 21.txt_Spectrum.png,pipeline_output/report/2026_01_16/ET 21.txt_Quality.png
ET 26.txt,Unknown,,0.80639124,-0.17503017,-1.7054703,4,False,0,4,,,,,,,,,,,,,,,,,,,,,,,,,,,,,,,,,,,,,,,,,,,,,,,,,,,,,,,,,,,,,,,,,,,,,,,,,,,,,,,,,,,,,,,,,,,,,,,,pipeline_output/report/2026_01_16/ET 26.txt_Spectrum.png,pipeline_output/report/2026_01_16/ET 26.txt_Quality.png
ET 31.txt,Unknown,,-0.05356001,-1.0638121,-1.6891507,4,False,0,4,,,,,,,,,,,,,,,,,,,,,,,,,,,,,,,,,,,,,,,,,,,,,,,,,,,,,,,,,,,,,,,,,,,,,,,,,,,,,,,,,,,,,,,,,,,,,,,,pipeline_output/report/2026_01_16/ET 31.txt_Spectrum.png,pipeline_output/report/2026_01_16/ET 31.txt_Quality.png
ET 32.txt,Unknown,,2.0839937,0.38309518,0.025420688,0,False,0,0,,,,,,,,,,,,,,,,,,,,,,,,,,,,,,,,,,,,,,,,,,,,,,,,,,,,,,,,,,,,,,,,,,,,,,,,,,,,,,,,,,,,,,,,,,,,,,,,pipeline_output/report/2026_01_16/ET 32.txt_Spectrum.png,pipeline_output/report/2026_01_16/ET 32.txt_Quality.png
ET 33.txt,Unknown,,-1.6561469,0.63771373,-1.5375534,2,False,0,2,,,,,,,,,,,,,,,,,,,,,,,,,,,,,,,,,,,,,,,,,,,,,,,,,,,,,,,,,,,,,,,,,,,,,,,,,,,,,,,,,,,,,,,,,,,,,,,,pipeline_output/report/2026_01_16/ET 33.txt_Spectrum.png,pipeline_output/report/2026_01_16/ET 33.txt_Quality.png
ET 35.txt,Unknown,,-0.3974692,-0.9266036,-2.1895185,4,False,0,4,,,,,,,,,,,,,,,,,,,,,,,,,,,,,,,,,,,,,,,,,,,,,,,,,,,,,,,,,,,,,,,,,,,,,,,,,,,,,,,,,,,,,,,,,,,,,,,,pipeline_output/report/2026_01_16/ET 35.txt_Spectrum.png,pipeline_output/report/2026_01_16/ET 35.txt_Quality.png
ET 36.txt,Unknown,,-0.12739776,-1.1933396,-1.5458189,4,False,0,4,,,,,,,,,,,,,,,,,,,,,,,,,,,,,,,,,,,,,,,,,,,,,,,,,,,,,,,,,,,,,,,,,,,,,,,,,,,,,,,,,,,,,,,,,,,,,,,,pipeline_output/report/2026_01_16/ET 36.txt_Spectrum.png,pipeline_output/report/2026_01_16/ET 36.txt_Quality.png
ET 37.txt,Unknown,,2.4334702,0.9839415,0.7918783,0,False,0,0,,,,,,,,,,,,,,,,,,,,,,,,,,,,,,,,,,,,,,,,,,,,,,,,,,,,,,,,,,,,,,,,,,,,,,,,,,,,,,,,,,,,,,,,,,,,,,,,pipeline_output/report/2026_01_16/ET 37.txt_Spectrum.png,pipeline_output/report/2026_01_16/ET 37.txt_Quality.png
ET 38.txt,Unknown,,-0.9703931,-1.0764825,-1.7781467,4,False,0,4,,,,,,,,,,,,,,,,,,,,,,,,,,,,,,,,,,,,,,,,,,,,,,,,,,,,,,,,,,,,,,,,,,,,,,,,,,,,,,,,,,,,,,,,,,,,,,,,pipeline_output/report/2026_01_16/ET 38.txt_Spectrum.png,pipeline_output/report/2026_01_16/ET 38.txt_Quality.png
ET 40.txt,Unknown,,-1.5442296,0.45891628,-0.9839795,2,False,0,2,,,,,,,,,,,,,,,,,,,,,,,,,,,,,,,,,,,,,,,,,,,,,,,,,,,,,,,,,,,,,,,,,,,,,,,,,,,,,,,,,,,,,,,,,,,,,,,,pipeline_output/report/2026_01_16/ET 40.txt_Spectrum.png,pipeline_output/report/2026_01_16/ET 40.txt_Quality.png
ET 42.txt,Unknown,,-0.30487946,-1.2393038,-1.301814,4,False,0,4,,,,,,,,,,,,,,,,,,,,,,,,,,,,,,,,,,,,,,,,,,,,,,,,,,,,,,,,,,,,,,,,,,,,,,,,,,,,,,,,,,,,,,,,,,,,,,,,pipeline_output/report/2026_01_16/ET 42.txt_Spectrum.png,pipeline_output/report/2026_01_16/ET 42.txt_Quality.png
ET 45.txt,Unknown,,-1.6069846,0.31947505,-1.1175104,2,False,0,2,,,,,,,,,,,,,,,,,,,,,,,,,,,,,,,,,,,,,,,,,,,,,,,,,,,,,,,,,,,,,,,,,,,,,,,,,,,,,,,,,,,,,,,,,,,,,,,,pipeline_output/report/2026_01_16/ET 45.txt_Spectrum.png,pipeline_output/report/2026_01_16/ET 45.txt_Quality.png
ET 46.txt,Unknown,,-0.40779024,1.3250562,-0.21510665,3,False,0,3,,,,,,,,,,,,,,,,,,,,,,,,,,,,,,,,,,,,,,,,,,,,,,,,,,,,,,,,,,,,,,,,,,,,,,,,,,,,,,,,,,,,,,,,,,,,,,,,pipeline_output/report/2026_01_16/ET 46.txt_Spectrum.png,pipeline_output/report/2026_01_16/ET 46.txt_Quality.png
ET 48.txt,Unknown,,-0.43255687,1.5288129,-0.114093736,3,False,0,3,,,,,,,,,,,,,,,,,,,,,,,,,,,,,,,,,,,,,,,,,,,,,,,,,,,,,,,,,,,,,,,,,,,,,,,,,,,,,,,,,,,,,,,,,,,,,,,,pipeline_output/report/2026_01_16/ET 48.txt_Spectrum.png,pipeline_output/report/2026_01_16/ET 48.txt_Quality.png
ET 5.txt,Unknown,,0.8016336,-0.28891525,-1.7428421,-1,True,0,-1,,,,,,,,,,,,,,,,,,,,,,,,,,,,,,,,,,,,,,,,,,,,,,,,,,,,,,,,,,,,,,,,,,,,,,,,,,,,,,,,,,,,,,,,,,,,,,,,pipeline_output/report/2026_01_16/ET 5.txt_Spectrum.png,pipeline_output/report/2026_01_16/ET 5.txt_Quality.png
ET 51.txt,Unknown,,-0.43545577,-0.77821976,-2.0078688,4,False,0,4,,,,,,,,,,,,,,,,,,,,,,,,,,,,,,,,,,,,,,,,,,,,,,,,,,,,,,,,,,,,,,,,,,,,,,,,,,,,,,,,,,,,,,,,,,,,,,,,pipeline_output/report/2026_01_16/ET 51.txt_Spectrum.png,pipeline_output/report/2026_01_16/ET 51.txt_Quality.png
ET 52.txt,Unknown,,0.5297524,-0.80432314,-1.4845296,4,False,0,4,,,,,,,,,,,,,,,,,,,,,,,,,,,,,,,,,,,,,,,,,,,,,,,,,,,,,,,,,,,,,,,,,,,,,,,,,,,,,,,,,,,,,,,,,,,,,,,,pipeline_output/report/2026_01_16/ET 52.txt_Spectrum.png,pipeline_output/report/2026_01_16/ET 52.txt_Quality.png
ET 55.txt,Unknown,,-0.4623473,1.4743912,-0.10864638,3,False,0,3,,,,,,,,,,,,,,,,,,,,,,,,,,,,,,,,,,,,,,,,,,,,,,,,,,,,,,,,,,,,,,,,,,,,,,,,,,,,,,,,,,,,,,,,,,,,,,,,pipeline_output/report/2026_01_16/ET 55.txt_Spectrum.png,pipeline_output/report/2026_01_16/ET 55.txt_Quality.png
ET 56.txt,Unknown,,-1.1621085,-1.0438787,-2.0044792,4,False,0,4,,,,,,,,,,,,,,,,,,,,,,,,,,,,,,,,,,,,,,,,,,,,,,,,,,,,,,,,,,,,,,,,,,,,,,,,,,,,,,,,,,,,,,,,,,,,,,,,pipeline_output/report/2026_01_16/ET 56.txt_Spectrum.png,pipeline_output/report/2026_01_16/ET 56.txt_Quality.png
ET 57.txt,Unknown,,-0.4571016,-1.1038249,-1.4488329,4,False,0,4,,,,,,,,,,,,,,,,,,,,,,,,,,,,,,,,,,,,,,,,,,,,,,,,,,,,,,,,,,,,,,,,,,,,,,,,,,,,,,,,,,,,,,,,,,,,,,,,pipeline_output/report/2026_01_16/ET 57.txt_Spectrum.png,pipeline_output/report/2026_01_16/ET 57.txt_Quality.png
ET 59.txt,Unknown,,-0.0056254715,-0.91645145,-0.98679936,-1,True,0,-1,,,,,,,,,,,,,,,,,,,,,,,,,,,,,,,,,,,,,,,,,,,,,,,,,,,,,,,,,,,,,,,,,,,,,,,,,,,,,,,,,,,,,,,,,,,,,,,,pipeline_output/report/2026_01_16/ET 59.txt_Spectrum.png,pipeline_output/report/2026_01_16/ET 59.txt_Quality.png
ET 60.txt,Unknown,,2.2618895,1.2779614,0.47482908,0,False,0,0,,,,,,,,,,,,,,,,,,,,,,,,,,,,,,,,,,,,,,,,,,,,,,,,,,,,,,,,,,,,,,,,,,,,,,,,,,,,,,,,,,,,,,,,,,,,,,,,pipeline_output/report/2026_01_16/ET 60.txt_Spectrum.png,pipeline_output/report/2026_01_16/ET 60.txt_Quality.png
ET 61.txt,Unknown,,-0.970726,-1.0551543,-2.2503395,4,False,0,4,,,,,,,,,,,,,,,,,,,,,,,,,,,,,,,,,,,,,,,,,,,,,,,,,,,,,,,,,,,,,,,,,,,,,,,,,,,,,,,,,,,,,,,,,,,,,,,,pipeline_output/report/2026_01_16/ET 61.txt_Spectrum.png,pipeline_output/report/2026_01_16/ET 61.txt_Quality.png
ET 62.txt,Unknown,,-0.6547943,1.0186952,-0.15311469,-1,True,0,-1,,,,,,,,,,,,,,,,,,,,,,,,,,,,,,,,,,,,,,,,,,,,,,,,,,,,,,,,,,,,,,,,,,,,,,,,,,,,,,,,,,,,,,,,,,,,,,,,pipeline_output/report/2026_01_16/ET 62.txt_Spectrum.png,pipeline_output/report/2026_01_16/ET 62.txt_Quality.png
ET 64.txt,Unknown,,-0.0300438,-0.9255741,-2.0139194,4,False,0,4,,,,,,,,,,,,,,,,,,,,,,,,,,,,,,,,,,,,,,,,,,,,,,,,,,,,,,,,,,,,,,,,,,,,,,,,,,,,,,,,,,,,,,,,,,,,,,,,pipeline_output/report/2026_01_16/ET 64.txt_Spectrum.png,pipeline_output/report/2026_01_16/ET 64.txt_Quality.png
ET 67.txt,Unknown,,0.23657387,-1.0870388,-1.5058947,4,False,0,4,,,,,,,,,,,,,,,,,,,,,,,,,,,,,,,,,,,,,,,,,,,,,,,,,,,,,,,,,,,,,,,,,,,,,,,,,,,,,,,,,,,,,,,,,,,,,,,,pipeline_output/report/2026_01_16/ET 67.txt_Spectrum.png,pipeline_output/report/2026_01_16/ET 67.txt_Quality.png
ET 68.txt,Unknown,,2.666243,1.0821115,0.6738865,0,False,0,0,,,,,,,,,,,,,,,,,,,,,,,,,,,,,,,,,,,,,,,,,,,,,,,,,,,,,,,,,,,,,,,,,,,,,,,,,,,,,,,,,,,,,,,,,,,,,,,,pipeline_output/report/2026_01_16/ET 68.txt_Spectrum.png,pipeline_output/report/2026_01_16/ET 68.txt_Quality.png
ET 69.txt,Unknown,,-0.4263866,-1.1762472,-1.3520906,4,False,0,4,,,,,,,,,,,,,,,,,,,,,,,,,,,,,,,,,,,,,,,,,,,,,,,,,,,,,,,,,,,,,,,,,,,,,,,,,,,,,,,,,,,,,,,,,,,,,,,,pipeline_output/report/2026_01_16/ET 69.txt_Spectrum.png,pipeline_output/report/2026_01_16/ET 69.txt_Quality.png
ET 72.txt,Unknown,,-0.7450413,-0.7996486,-2.1331546,4,False,0,4,,,,,,,,,,,,,,,,,,,,,,,,,,,,,,,,,,,,,,,,,,,,,,,,,,,,,,,,,,,,,,,,,,,,,,,,,,,,,,,,,,,,,,,,,,,,,,,,pipeline_output/report/2026_01_16/ET 72.txt_Spectrum.png,pipeline_output/report/2026_01_16/ET 72.txt_Quality.png
ET 74.txt,Unknown,,-0.54919016,1.0754666,-0.9326223,3,False,0,3,,,,,,,,,,,,,,,,,,,,,,,,,,,,,,,,,,,,,,,,,,,,,,,,,,,,,,,,,,,,,,,,,,,,,,,,,,,,,,,,,,,,,,,,,,,,,,,,pipeline_output/report/2026_01_16/ET 74.txt_Spectrum.png,pipeline_output/report/2026_01_16/ET 74.txt_Quality.png
ET 75.txt,Unknown,,-0.2992136,-1.0045534,-2.0810976,4,False,0,4,,,,,,,,,,,,,,,,,,,,,,,,,,,,,,,,,,,,,,,,,,,,,,,,,,,,,,,,,,,,,,,,,,,,,,,,,,,,,,,,,,,,,,,,,,,,,,,,pipeline_output/report/2026_01_16/ET 75.txt_Spectrum.png,pipeline_output/report/2026_01_16/ET 75.txt_Quality.png
ET 77.txt,Unknown,,-1.0059074,-0.96272594,-2.111074,4,False,0,4,,,,,,,,,,,,,,,,,,,,,,,,,,,,,,,,,,,,,,,,,,,,,,,,,,,,,,,,,,,,,,,,,,,,,,,,,,,,,,,,,,,,,,,,,,,,,,,,pipeline_output/report/2026_01_16/ET 77.txt_Spectrum.png,pipeline_output/report/2026_01_16/ET 77.txt_Quality.png
ET 78.txt,Unknown,,-1.2875923,-1.1536239,-2.0626283,4,False,0,4,,,,,,,,,,,,,,,,,,,,,,,,,,,,,,,,,,,,,,,,,,,,,,,,,,,,,,,,,,,,,,,,,,,,,,,,,,,,,,,,,,,,,,,,,,,,,,,,pipeline_output/report/2026_01_16/ET 78.txt_Spectrum.png,pipeline_output/report/2026_01_16/ET 78.txt_Quality.png
ET 8.txt,Unknown,,2.3526976,1.25967,0.7068536,0,False,0,0,,,,,,,,,,,,,,,,,,,,,,,,,,,,,,,,,,,,,,,,,,,,,,,,,,,,,,,,,,,,,,,,,,,,,,,,,,,,,,,,,,,,,,,,,,,,,,,,pipeline_output/report/2026_01_16/ET 8.txt_Spectrum.png,pipeline_output/report/2026_01_16/ET 8.txt_Quality.png
ET 80.txt,Unknown,,-0.139171,-0.80543363,-1.7520448,4,False,0,4,,,,,,,,,,,,,,,,,,,,,,,,,,,,,,,,,,,,,,,,,,,,,,,,,,,,,,,,,,,,,,,,,,,,,,,,,,,,,,,,,,,,,,,,,,,,,,,,pipeline_output/report/2026_01_16/ET 80.txt_Spectrum.png,pipeline_output/report/2026_01_16/ET 80.txt_Quality.png
ET 81.txt,Unknown,,-0.66088015,1.0763777,-0.9583839,3,False,0,3,,,,,,,,,,,,,,,,,,,,,,,,,,,,,,,,,,,,,,,,,,,,,,,,,,,,,,,,,,,,,,,,,,,,,,,,,,,,,,,,,,,,,,,,,,,,,,,,pipeline_output/report/2026_01_16/ET 81.txt_Spectrum.png,pipeline_output/report/2026_01_16/ET 81.txt_Quality.png
ET 82.txt,Unknown,,-0.6495921,-0.55221295,-2.1556265,4,False,0,4,,,,,,,,,,,,,,,,,,,,,,,,,,,,,,,,,,,,,,,,,,,,,,,,,,,,,,,,,,,,,,,,,,,,,,,,,,,,,,,,,,,,,,,,,,,,,,,,pipeline_output/report/2026_01_16/ET 82.txt_Spectrum.png,pipeline_output/report/2026_01_16/ET 82.txt_Quality.png
ET 83.txt,Unknown,,2.159224,0.81008554,0.29814386,0,False,0,0,,,,,,,,,,,,,,,,,,,,,,,,,,,,,,,,,,,,,,,,,,,,,,,,,,,,,,,,,,,,,,,,,,,,,,,,,,,,,,,,,,,,,,,,,,,,,,,,pipeline_output/report/2026_01_16/ET 83.txt_Spectrum.png,pipeline_output/report/2026_01_16/ET 83.txt_Quality.png
ET 84.txt,Unknown,,-0.24421945,-0.7296306,-2.5197535,4,False,0,4,,,,,,,,,,,,,,,,,,,,,,,,,,,,,,,,,,,,,,,,,,,,,,,,,,,,,,,,,,,,,,,,,,,,,,,,,,,,,,,,,,,,,,,,,,,,,,,,pipeline_output/report/2026_01_16/ET 84.txt_Spectrum.png,pipeline_output/report/2026_01_16/ET 84.txt_Quality.png
EXB IR1.txt,Unknown,,2.6640131,0.5793366,-0.064987056,0,False,0,0,,,,,,,,,,,,,,,,,,,,,,,,,,,,,,,,,,,,,,,,,,,,,,,,,,,,,,,,,,,,,,,,,,,,,,,,,,,,,,,,,,,,,,,,,,,,,,,,pipeline_output/report/2026_01_16/EXB IR1.txt_Spectrum.png,pipeline_output/report/2026_01_16/EXB IR1.txt_Quality.png
EXB IR2.txt,Unknown,,2.6131651,0.5058651,-0.18765607,0,False,0,0,,,,,,,,,,,,,,,,,,,,,,,,,,,,,,,,,,,,,,,,,,,,,,,,,,,,,,,,,,,,,,,,,,,,,,,,,,,,,,,,,,,,,,,,,,,,,,,,pipeline_output/report/2026_01_16/EXB IR2.txt_Spectrum.png,pipeline_output/report/2026_01_16/EXB IR2.txt_Quality.png
EXB IR3.txt,Unknown,,2.580395,0.6236842,-0.22605304,0,False,0,0,,,,,,,,,,,,,,,,,,,,,,,,,,,,,,,,,,,,,,,,,,,,,,,,,,,,,,,,,,,,,,,,,,,,,,,,,,,,,,,,,,,,,,,,,,,,,,,,pipeline_output/report/2026_01_16/EXB IR3.txt_Spectrum.png,pipeline_output/report/2026_01_16/EXB IR3.txt_Quality.png
EXB IR4.txt,Unknown,,2.654671,0.5908984,-0.116945185,0,False,0,0,,,,,,,,,,,,,,,,,,,,,,,,,,,,,,,,,,,,,,,,,,,,,,,,,,,,,,,,,,,,,,,,,,,,,,,,,,,,,,,,,,,,,,,,,,,,,,,,pipeline_output/report/2026_01_16/EXB IR4.txt_Spectrum.png,pipeline_output/report/2026_01_16/EXB IR4.txt_Quality.png
EXB IR5.txt,Unknown,,2.6945696,0.6621487,-0.19702125,0,False,0,0,,,,,,,,,,,,,,,,,,,,,,,,,,,,,,,,,,,,,,,,,,,,,,,,,,,,,,,,,,,,,,,,,,,,,,,,,,,,,,,,,,,,,,,,,,,,,,,,pipeline_output/report/2026_01_16/EXB IR5.txt_Spectrum.png,pipeline_output/report/2026_01_16/EXB IR5.txt_Quality.png
J58.txt,Unknown,,1.9163963,0.4450943,-0.2086581,0,False,0,0,,,,,,,,,,,,,,,,,,,,,,,,,,,,,,,,,,,,,,,,,,,,,,,,,,,,,,,,,,,,,,,,,,,,,,,,,,,,,,,,,,,,,,,,,,,,,,,,pipeline_output/report/2026_01_16/J58.txt_Spectrum.png,pipeline_output/report/2026_01_16/J58.txt_Quality.png
SENS 180.txt,Unknown,,1.9654098,0.7992598,-0.21529764,0,False,0,0,,,,,,,,,,,,,,,,,,,,,,,,,,,,,,,,,,,,,,,,,,,,,,,,,,,,,,,,,,,,,,,,,,,,,,,,,,,,,,,,,,,,,,,,,,,,,,,,pipeline_output/report/2026_01_16/SENS 180.txt_Spectrum.png,pipeline_output/report/2026_01_16/SENS 180.txt_Quality.png
SENS J119.txt,Unknown,,2.025272,0.20429789,-0.05669203,0,False,0,0,,,,,,,,,,,,,,,,,,,,,,,,,,,,,,,,,,,,,,,,,,,,,,,,,,,,,,,,,,,,,,,,,,,,,,,,,,,,,,,,,,,,,,,,,,,,,,,,pipeline_output/report/2026_01_16/SENS J119.txt_Spectrum.png,pipeline_output/report/2026_01_16/SENS J119.txt_Quality.png
SENS J23.txt,Unknown,,1.5554763,0.586805,-0.46930274,0,False,0,0,,,,,,,,,,,,,,,,,,,,,,,,,,,,,,,,,,,,,,,,,,,,,,,,,,,,,,,,,,,,,,,,,,,,,,,,,,,,,,,,,,,,,,,,,,,,,,,,pipeline_output/report/2026_01_16/SENS J23.txt_Spectrum.png,pipeline_output/report/2026_01_16/SENS J23.txt_Quality.png
SENS J24.txt,Unknown,,2.1509135,0.65930325,-0.016277568,0,False,0,0,,,,,,,,,,,,,,,,,,,,,,,,,,,,,,,,,,,,,,,,,,,,,,,,,,,,,,,,,,,,,,,,,,,,,,,,,,,,,,,,,,,,,,,,,,,,,,,,pipeline_output/report/2026_01_16/SENS J24.txt_Spectrum.png,pipeline_output/report/2026_01_16/SENS J24.txt_Quality.png
SENS J4.txt,Unknown,,1.6514271,0.5752718,-0.328461,0,False,0,0,,,,,,,,,,,,,,,,,,,,,,,,,,,,,,,,,,,,,,,,,,,,,,,,,,,,,,,,,,,,,,,,,,,,,,,,,,,,,,,,,,,,,,,,,,,,,,,,pipeline_output/report/2026_01_16/SENS J4.txt_Spectrum.png,pipeline_output/report/2026_01_16/SENS J4.txt_Quality.png
SENS J59.txt,Unknown,,2.0970511,0.5656413,0.013209911,0,False,0,0,,,,,,,,,,,,,,,,,,,,,,,,,,,,,,,,,,,,,,,,,,,,,,,,,,,,,,,,,,,,,,,,,,,,,,,,,,,,,,,,,,,,,,,,,,,,,,,,pipeline_output/report/2026_01_16/SENS J59.txt_Spectrum.png,pipeline_output/report/2026_01_16/SENS J59.txt_Quality.png
SENS J603.txt,Unknown,,0.37058067,-0.8228679,-1.6491411,4,False,0,4,,,,,,,,,,,,,,,,,,,,,,,,,,,,,,,,,,,,,,,,,,,,,,,,,,,,,,,,,,,,,,,,,,,,,,,,,,,,,,,,,,,,,,,,,,,,,,,,pipeline_output/report/2026_01_16/SENS J603.txt_Spectrum.png,pipeline_output/report/2026_01_16/SENS J603.txt_Quality.png
SENS J8.txt,Unknown,,1.3777138,0.3336979,-0.6102965,0,False,0,0,,,,,,,,,,,,,,,,,,,,,,,,,,,,,,,,,,,,,,,,,,,,,,,,,,,,,,,,,,,,,,,,,,,,,,,,,,,,,,,,,,,,,,,,,,,,,,,,pipeline_output/report/2026_01_16/SENS J8.txt_Spectrum.png,pipeline_output/report/2026_01_16/SENS J8.txt_Quality.png
Vat_ss_1.txt,Unknown,,-0.1809341,-0.59603417,-0.2604266,1,False,0,1,,,,,,,,,,,,,,,,,,,,,,,,,,,,,,,,,,,,,,,,,,,,,,,,,,,,,,,,,,,,,,,,,,,,,,,,,,,,,,,,,,,,,,,,,,,,,,,,pipeline_output/report/2026_01_16/Vat_ss_1.txt_Spectrum.png,pipeline_output/report/2026_01_16/Vat_ss_1.txt_Quality.png
Vat_ss_10.txt,Unknown,,0.28322768,0.5341459,-3.556241,5,False,0,5,,,,,,,,,,,,,,,,,,,,,,,,,,,,,,,,,,,,,,,,,,,,,,,,,,,,,,,,,,,,,,,,,,,,,,,,,,,,,,,,,,,,,,,,,,,,,,,,pipeline_output/report/2026_01_16/Vat_ss_10.txt_Spectrum.png,pipeline_output/report/2026_01_16/Vat_ss_10.txt_Quality.png
Vat_ss_100.txt,Unknown,,-0.52807045,1.7956178,-0.4835945,3,False,0,3,,,,,,,,,,,,,,,,,,,,,,,,,,,,,,,,,,,,,,,,,,,,,,,,,,,,,,,,,,,,,,,,,,,,,,,,,,,,,,,,,,,,,,,,,,,,,,,,pipeline_output/report/2026_01_16/Vat_ss_100.txt_Spectrum.png,pipeline_output/report/2026_01_16/Vat_ss_100.txt_Quality.png
Vat_ss_101.txt,Unknown,,0.85616064,0.83315784,-3.2792327,5,False,0,5,,,,,,,,,,,,,,,,,,,,,,,,,,,,,,,,,,,,,,,,,,,,,,,,,,,,,,,,,,,,,,,,,,,,,,,,,,,,,,,,,,,,,,,,,,,,,,,,pipeline_output/report/2026_01_16/Vat_ss_101.txt_Spectrum.png,pipeline_output/report/2026_01_16/Vat_ss_101.txt_Quality.png
Vat_ss_102.txt,Unknown,,0.037433017,-0.080571964,-2.6574707,5,False,0,5,,,,,,,,,,,,,,,,,,,,,,,,,,,,,,,,,,,,,,,,,,,,,,,,,,,,,,,,,,,,,,,,,,,,,,,,,,,,,,,,,,,,,,,,,,,,,,,,pipeline_output/report/2026_01_16/Vat_ss_102.txt_Spectrum.png,pipeline_output/report/2026_01_16/Vat_ss_102.txt_Quality.png
Vat_ss_103.txt,Unknown,,1.069647,1.2589945,0.68242323,0,False,0,0,,,,,,,,,,,,,,,,,,,,,,,,,,,,,,,,,,,,,,,,,,,,,,,,,,,,,,,,,,,,,,,,,,,,,,,,,,,,,,,,,,,,,,,,,,,,,,,,pipeline_output/report/2026_01_16/Vat_ss_103.txt_Spectrum.png,pipeline_output/report/2026_01_16/Vat_ss_103.txt_Quality.png
Vat_ss_104.txt,Unknown,,0.9401617,1.3460582,-3.3479373,-1,True,0,-1,,,,,,,,,,,,,,,,,,,,,,,,,,,,,,,,,,,,,,,,,,,,,,,,,,,,,,,,,,,,,,,,,,,,,,,,,,,,,,,,,,,,,,,,,,,,,,,,pipeline_output/report/2026_01_16/Vat_ss_104.txt_Spectrum.png,pipeline_output/report/2026_01_16/Vat_ss_104.txt_Quality.png
Vat_ss_105.txt,Unknown,,1.038596,1.1997902,0.65856063,0,False,0,0,,,,,,,,,,,,,,,,,,,,,,,,,,,,,,,,,,,,,,,,,,,,,,,,,,,,,,,,,,,,,,,,,,,,,,,,,,,,,,,,,,,,,,,,,,,,,,,,pipeline_output/report/2026_01_16/Vat_ss_105.txt_Spectrum.png,pipeline_output/report/2026_01_16/Vat_ss_105.txt_Quality.png
Vat_ss_106.txt,Unknown,,1.3003675,1.3175024,0.7228163,0,False,0,0,,,,,,,,,,,,,,,,,,,,,,,,,,,,,,,,,,,,,,,,,,,,,,,,,,,,,,,,,,,,,,,,,,,,,,,,,,,,,,,,,,,,,,,,,,,,,,,,pipeline_output/report/2026_01_16/Vat_ss_106.txt_Spectrum.png,pipeline_output/report/2026_01_16/Vat_ss_106.txt_Quality.png
Vat_ss_107.txt,Unknown,,-1.566803,1.3677698,-0.45840526,3,False,0,3,,,,,,,,,,,,,,,,,,,,,,,,,,,,,,,,,,,,,,,,,,,,,,,,,,,,,,,,,,,,,,,,,,,,,,,,,,,,,,,,,,,,,,,,,,,,,,,,pipeline_output/report/2026_01_16/Vat_ss_107.txt_Spectrum.png,pipeline_output/report/2026_01_16/Vat_ss_107.txt_Quality.png
Vat_ss_108.txt,Unknown,,-0.93370414,1.721282,-0.0752808,3,False,0,3,,,,,,,,,,,,,,,,,,,,,,,,,,,,,,,,,,,,,,,,,,,,,,,,,,,,,,,,,,,,,,,,,,,,,,,,,,,,,,,,,,,,,,,,,,,,,,,,pipeline_output/report/2026_01_16/Vat_ss_108.txt_Spectrum.png,pipeline_output/report/2026_01_16/Vat_ss_108.txt_Quality.png
Vat_ss_109.txt,Unknown,,1.5209745,1.1742111,-0.08908202,0,False,0,0,,,,,,,,,,,,,,,,,,,,,,,,,,,,,,,,,,,,,,,,,,,,,,,,,,,,,,,,,,,,,,,,,,,,,,,,,,,,,,,,,,,,,,,,,,,,,,,,pipeline_output/report/2026_01_16/Vat_ss_109.txt_Spectrum.png,pipeline_output/report/2026_01_16/Vat_ss_109.txt_Quality.png
Vat_ss_11.txt,Unknown,,-0.3101963,0.6463776,-3.1537993,5,False,0,5,,,,,,,,,,,,,,,,,,,,,,,,,,,,,,,,,,,,,,,,,,,,,,,,,,,,,,,,,,,,,,,,,,,,,,,,,,,,,,,,,,,,,,,,,,,,,,,,pipeline_output/report/2026_01_16/Vat_ss_11.txt_Spectrum.png,pipeline_output/report/2026_01_16/Vat_ss_11.txt_Quality.png
Vat_ss_110.txt,Unknown,,1.8408388,1.174082,0.72053295,0,False,0,0,,,,,,,,,,,,,,,,,,,,,,,,,,,,,,,,,,,,,,,,,,,,,,,,,,,,,,,,,,,,,,,,,,,,,,,,,,,,,,,,,,,,,,,,,,,,,,,,pipeline_output/report/2026_01_16/Vat_ss_110.txt_Spectrum.png,pipeline_output/report/2026_01_16/Vat_ss_110.txt_Quality.png
Vat_ss_112.txt,Unknown,,1.6585252,1.3223461,-3.724253,5,False,0,5,,,,,,,,,,,,,,,,,,,,,,,,,,,,,,,,,,,,,,,,,,,,,,,,,,,,,,,,,,,,,,,,,,,,,,,,,,,,,,,,,,,,,,,,,,,,,,,,pipeline_output/report/2026_01_16/Vat_ss_112.txt_Spectrum.png,pipeline_output/report/2026_01_16/Vat_ss_112.txt_Quality.png
Vat_ss_113.txt,Unknown,,2.680677,1.2957648,0.6612399,0,False,0,0,,,,,,,,,,,,,,,,,,,,,,,,,,,,,,,,,,,,,,,,,,,,,,,,,,,,,,,,,,,,,,,,,,,,,,,,,,,,,,,,,,,,,,,,,,,,,,,,pipeline_output/report/2026_01_16/Vat_ss_113.txt_Spectrum.png,pipeline_output/report/2026_01_16/Vat_ss_113.txt_Quality.png
Vat_ss_114.txt,Unknown,,-0.6223761,1.7497412,0.16458225,3,False,0,3,,,,,,,,,,,,,,,,,,,,,,,,,,,,,,,,,,,,,,,,,,,,,,,,,,,,,,,,,,,,,,,,,,,,,,,,,,,,,,,,,,,,,,,,,,,,,,,,pipeline_output/report/2026_01_16/Vat_ss_114.txt_Spectrum.png,pipeline_output/report/2026_01_16/Vat_ss_114.txt_Quality.png
Vat_ss_115.txt,Unknown,,1.7255547,1.2161679,-3.686947,5,False,0,5,,,,,,,,,,,,,,,,,,,,,,,,,,,,,,,,,,,,,,,,,,,,,,,,,,,,,,,,,,,,,,,,,,,,,,,,,,,,,,,,,,,,,,,,,,,,,,,,pipeline_output/report/2026_01_16/Vat_ss_115.txt_Spectrum.png,pipeline_output/report/2026_01_16/Vat_ss_115.txt_Quality.png
Vat_ss_12.txt,Unknown,,0.5868098,0.93666947,-4.0195484,5,False,0,5,,,,,,,,,,,,,,,,,,,,,,,,,,,,,,,,,,,,,,,,,,,,,,,,,,,,,,,,,,,,,,,,,,,,,,,,,,,,,,,,,,,,,,,,,,,,,,,,pipeline_output/report/2026_01_16/Vat_ss_12.txt_Spectrum.png,pipeline_output/report/2026_01_16/Vat_ss_12.txt_Quality.png
Vat_ss_13.txt,Unknown,,1.7105032,1.3072401,-3.926608,5,False,0,5,,,,,,,,,,,,,,,,,,,,,,,,,,,,,,,,,,,,,,,,,,,,,,,,,,,,,,,,,,,,,,,,,,,,,,,,,,,,,,,,,,,,,,,,,,,,,,,,pipeline_output/report/2026_01_16/Vat_ss_13.txt_Spectrum.png,pipeline_output/report/2026_01_16/Vat_ss_13.txt_Quality.png
Vat_ss_14.txt,Unknown,,-0.25769067,0.9686915,-3.3267193,-1,True,0,-1,,,,,,,,,,,,,,,,,,,,,,,,,,,,,,,,,,,,,,,,,,,,,,,,,,,,,,,,,,,,,,,,,,,,,,,,,,,,,,,,,,,,,,,,,,,,,,,,pipeline_output/report/2026_01_16/Vat_ss_14.txt_Spectrum.png,pipeline_output/report/2026_01_16/Vat_ss_14.txt_Quality.png
Vat_ss_15.txt,Unknown,,0.9011514,1.2337055,-3.701938,5,False,0,5,,,,,,,,,,,,,,,,,,,,,,,,,,,,,,,,,,,,,,,,,,,,,,,,,,,,,,,,,,,,,,,,,,,,,,,,,,,,,,,,,,,,,,,,,,,,,,,,pipeline_output/report/2026_01_16/Vat_ss_15.txt_Spectrum.png,pipeline_output/report/2026_01_16/Vat_ss_15.txt_Quality.png
Vat_ss_16.txt,Unknown,,-1.2720327,0.77307594,-2.246995,5,False,0,5,,,,,,,,,,,,,,,,,,,,,,,,,,,,,,,,,,,,,,,,,,,,,,,,,,,,,,,,,,,,,,,,,,,,,,,,,,,,,,,,,,,,,,,,,,,,,,,,pipeline_output/report/2026_01_16/Vat_ss_16.txt_Spectrum.png,pipeline_output/report/2026_01_16/Vat_ss_16.txt_Quality.png
Vat_ss_17.txt,Unknown,,1.5103,1.0278704,-3.814098,5,False,0,5,,,,,,,,,,,,,,,,,,,,,,,,,,,,,,,,,,,,,,,,,,,,,,,,,,,,,,,,,,,,,,,,,,,,,,,,,,,,,,,,,,,,,,,,,,,,,,,,pipeline_output/report/2026_01_16/Vat_ss_17.txt_Spectrum.png,pipeline_output/report/2026_01_16/Vat_ss_17.txt_Quality.png
Vat_ss_18.txt,Unknown,,-0.7341908,1.7850401,-0.098588265,3,False,0,3,,,,,,,,,,,,,,,,,,,,,,,,,,,,,,,,,,,,,,,,,,,,,,,,,,,,,,,,,,,,,,,,,,,,,,,,,,,,,,,,,,,,,,,,,,,,,,,,pipeline_output/report/2026_01_16/Vat_ss_18.txt_Spectrum.png,pipeline_output/report/2026_01_16/Vat_ss_18.txt_Quality.png
Vat_ss_19.txt,Unknown,,1.1897389,0.5735253,-3.5641892,5,False,0,5,,,,,,,,,,,,,,,,,,,,,,,,,,,,,,,,,,,,,,,,,,,,,,,,,,,,,,,,,,,,,,,,,,,,,,,,,,,,,,,,,,,,,,,,,,,,,,,,pipeline_output/report/2026_01_16/Vat_ss_19.txt_Spectrum.png,pipeline_output/report/2026_01_16/Vat_ss_19.txt_Quality.png
Vat_ss_2.txt,Unknown,,-0.54701,1.5692704,0.003882676,3,False,0,3,,,,,,,,,,,,,,,,,,,,,,,,,,,,,,,,,,,,,,,,,,,,,,,,,,,,,,,,,,,,,,,,,,,,,,,,,,,,,,,,,,,,,,,,,,,,,,,,pipeline_output/report/2026_01_16/Vat_ss_2.txt_Spectrum.png,pipeline_output/report/2026_01_16/Vat_ss_2.txt_Quality.png
Vat_ss_20.txt,Unknown,,0.62061954,0.63533485,-4.0433874,5,False,0,5,,,,,,,,,,,,,,,,,,,,,,,,,,,,,,,,,,,,,,,,,,,,,,,,,,,,,,,,,,,,,,,,,,,,,,,,,,,,,,,,,,,,,,,,,,,,,,,,pipeline_output/report/2026_01_16/Vat_ss_20.txt_Spectrum.png,pipeline_output/report/2026_01_16/Vat_ss_20.txt_Quality.png
Vat_ss_21.txt,Unknown,,-0.9578417,0.78164744,-2.4722664,5,False,0,5,,,,,,,,,,,,,,,,,,,,,,,,,,,,,,,,,,,,,,,,,,,,,,,,,,,,,,,,,,,,,,,,,,,,,,,,,,,,,,,,,,,,,,,,,,,,,,,,pipeline_output/report/2026_01_16/Vat_ss_21.txt_Spectrum.png,pipeline_output/report/2026_01_16/Vat_ss_21.txt_Quality.png
Vat_ss_22.txt,Unknown,,-0.81074286,1.4463041,-0.49050832,3,False,0,3,,,,,,,,,,,,,,,,,,,,,,,,,,,,,,,,,,,,,,,,,,,,,,,,,,,,,,,,,,,,,,,,,,,,,,,,,,,,,,,,,,,,,,,,,,,,,,,,pipeline_output/report/2026_01_16/Vat_ss_22.txt_Spectrum.png,pipeline_output/report/2026_01_16/Vat_ss_22.txt_Quality.png
Vat_ss_23.txt,Unknown,,-0.7036363,1.1712133,-1.4129937,3,False,0,3,,,,,,,,,,,,,,,,,,,,,,,,,,,,,,,,,,,,,,,,,,,,,,,,,,,,,,,,,,,,,,,,,,,,,,,,,,,,,,,,,,,,,,,,,,,,,,,,pipeline_output/report/2026_01_16/Vat_ss_23.txt_Spectrum.png,pipeline_output/report/2026_01_16/Vat_ss_23.txt_Quality.png
Vat_ss_24.txt,Unknown,,0.28686064,-0.051621884,-2.4260433,-1,True,0,-1,,,,,,,,,,,,,,,,,,,,,,,,,,,,,,,,,,,,,,,,,,,,,,,,,,,,,,,,,,,,,,,,,,,,,,,,,,,,,,,,,,,,,,,,,,,,,,,,pipeline_output/report/2026_01_16/Vat_ss_24.txt_Spectrum.png,pipeline_output/report/2026_01_16/Vat_ss_24.txt_Quality.png
Vat_ss_25.txt,Unknown,,-1.0399114,1.5296719,-0.29145017,3,False,0,3,,,,,,,,,,,,,,,,,,,,,,,,,,,,,,,,,,,,,,,,,,,,,,,,,,,,,,,,,,,,,,,,,,,,,,,,,,,,,,,,,,,,,,,,,,,,,,,,pipeline_output/report/2026_01_16/Vat_ss_25.txt_Spectrum.png,pipeline_output/report/2026_01_16/Vat_ss_25.txt_Quality.png
Vat_ss_26.txt,Unknown,,0.09098662,0.26489404,-3.2740993,5,False,0,5,,,,,,,,,,,,,,,,,,,,,,,,,,,,,,,,,,,,,,,,,,,,,,,,,,,,,,,,,,,,,,,,,,,,,,,,,,,,,,,,,,,,,,,,,,,,,,,,pipeline_output/report/2026_01_16/Vat_ss_26.txt_Spectrum.png,pipeline_output/report/2026_01_16/Vat_ss_26.txt_Quality.png
Vat_ss_27.txt,Unknown,,-0.15801927,-0.19644026,-2.6355913,5,False,0,5,,,,,,,,,,,,,,,,,,,,,,,,,,,,,,,,,,,,,,,,,,,,,,,,,,,,,,,,,,,,,,,,,,,,,,,,,,,,,,,,,,,,,,,,,,,,,,,,pipeline_output/report/2026_01_16/Vat_ss_27.txt_Spectrum.png,pipeline_output/report/2026_01_16/Vat_ss_27.txt_Quality.png
Vat_ss_28.txt,Unknown,,1.1987871,0.9360082,-3.8080924,5,False,0,5,,,,,,,,,,,,,,,,,,,,,,,,,,,,,,,,,,,,,,,,,,,,,,,,,,,,,,,,,,,,,,,,,,,,,,,,,,,,,,,,,,,,,,,,,,,,,,,,pipeline_output/report/2026_01_16/Vat_ss_28.txt_Spectrum.png,pipeline_output/report/2026_01_16/Vat_ss_28.txt_Quality.png
Vat_ss_29.txt,Unknown,,0.15737545,-0.74529123,-0.8573386,-1,True,0,-1,,,,,,,,,,,,,,,,,,,,,,,,,,,,,,,,,,,,,,,,,,,,,,,,,,,,,,,,,,,,,,,,,,,,,,,,,,,,,,,,,,,,,,,,,,,,,,,,pipeline_output/report/2026_01_16/Vat_ss_29.txt_Spectrum.png,pipeline_output/report/2026_01_16/Vat_ss_29.txt_Quality.png
Vat_ss_3.txt,Unknown,,-1.2540044,1.4954348,-0.33692423,3,False,0,3,,,,,,,,,,,,,,,,,,,,,,,,,,,,,,,,,,,,,,,,,,,,,,,,,,,,,,,,,,,,,,,,,,,,,,,,,,,,,,,,,,,,,,,,,,,,,,,,pipeline_output/report/2026_01_16/Vat_ss_3.txt_Spectrum.png,pipeline_output/report/2026_01_16/Vat_ss_3.txt_Quality.png
Vat_ss_30.txt,Unknown,,0.3067509,-0.55120206,-0.502855,1,False,0,1,,,,,,,,,,,,,,,,,,,,,,,,,,,,,,,,,,,,,,,,,,,,,,,,,,,,,,,,,,,,,,,,,,,,,,,,,,,,,,,,,,,,,,,,,,,,,,,,pipeline_output/report/2026_01_16/Vat_ss_30.txt_Spectrum.png,pipeline_output/report/2026_01_16/Vat_ss_30.txt_Quality.png
Vat_ss_31.txt,Unknown,,-0.7173919,1.5144315,-1.0487101,3,False,0,3,,,,,,,,,,,,,,,,,,,,,,,,,,,,,,,,,,,,,,,,,,,,,,,,,,,,,,,,,,,,,,,,,,,,,,,,,,,,,,,,,,,,,,,,,,,,,,,,pipeline_output/report/2026_01_16/Vat_ss_31.txt_Spectrum.png,pipeline_output/report/2026_01_16/Vat_ss_31.txt_Quality.png
Vat_ss_32.txt,Unknown,,-0.33799538,0.030394837,-2.9434614,5,False,0,5,,,,,,,,,,,,,,,,,,,,,,,,,,,,,,,,,,,,,,,,,,,,,,,,,,,,,,,,,,,,,,,,,,,,,,,,,,,,,,,,,,,,,,,,,,,,,,,,pipeline_output/report/2026_01_16/Vat_ss_32.txt_Spectrum.png,pipeline_output/report/2026_01_16/Vat_ss_32.txt_Quality.png
Vat_ss_33.txt,Unknown,,-1.2787127,-1.021587,-1.9229972,4,False,0,4,,,,,,,,,,,,,,,,,,,,,,,,,,,,,,,,,,,,,,,,,,,,,,,,,,,,,,,,,,,,,,,,,,,,,,,,,,,,,,,,,,,,,,,,,,,,,,,,pipeline_output/report/2026_01_16/Vat_ss_33.txt_Spectrum.png,pipeline_output/report/2026_01_16/Vat_ss_33.txt_Quality.png
Vat_ss_34.txt,Unknown,,-1.6436825,0.5102629,-1.483217,2,False,0,2,,,,,,,,,,,,,,,,,,,,,,,,,,,,,,,,,,,,,,,,,,,,,,,,,,,,,,,,,,,,,,,,,,,,,,,,,,,,,,,,,,,,,,,,,,,,,,,,pipeline_output/report/2026_01_16/Vat_ss_34.txt_Spectrum.png,pipeline_output/report/2026_01_16/Vat_ss_34.txt_Quality.png
Vat_ss_35.txt,Unknown,,-0.7673389,1.0376511,-2.7232144,5,False,0,5,,,,,,,,,,,,,,,,,,,,,,,,,,,,,,,,,,,,,,,,,,,,,,,,,,,,,,,,,,,,,,,,,,,,,,,,,,,,,,,,,,,,,,,,,,,,,,,,pipeline_output/report/2026_01_16/Vat_ss_35.txt_Spectrum.png,pipeline_output/report/2026_01_16/Vat_ss_35.txt_Quality.png
Vat_ss_36.txt,Unknown,,1.3188694,0.49204555,-2.5739262,-1,True,0,-1,,,,,,,,,,,,,,,,,,,,,,,,,,,,,,,,,,,,,,,,,,,,,,,,,,,,,,,,,,,,,,,,,,,,,,,,,,,,,,,,,,,,,,,,,,,,,,,,pipeline_output/report/2026_01_16/Vat_ss_36.txt_Spectrum.png,pipeline_output/report/2026_01_16/Vat_ss_36.txt_Quality.png
Vat_ss_37.txt,Unknown,,1.1462958,0.19522938,-1.833695,-1,True,0,-1,,,,,,,,,,,,,,,,,,,,,,,,,,,,,,,,,,,,,,,,,,,,,,,,,,,,,,,,,,,,,,,,,,,,,,,,,,,,,,,,,,,,,,,,,,,,,,,,pipeline_output/report/2026_01_16/Vat_ss_37.txt_Spectrum.png,pipeline_output/report/2026_01_16/Vat_ss_37.txt_Quality.png
Vat_ss_38.txt,Unknown,,-0.71068907,0.6771742,-2.856368,5,False,0,5,,,,,,,,,,,,,,,,,,,,,,,,,,,,,,,,,,,,,,,,,,,,,,,,,,,,,,,,,,,,,,,,,,,,,,,,,,,,,,,,,,,,,,,,,,,,,,,,pipeline_output/report/2026_01_16/Vat_ss_38.txt_Spectrum.png,pipeline_output/report/2026_01_16/Vat_ss_38.txt_Quality.png
Vat_ss_39.txt,Unknown,,1.5491382,0.42952377,-0.8829435,0,False,0,0,,,,,,,,,,,,,,,,,,,,,,,,,,,,,,,,,,,,,,,,,,,,,,,,,,,,,,,,,,,,,,,,,,,,,,,,,,,,,,,,,,,,,,,,,,,,,,,,pipeline_output/report/2026_01_16/Vat_ss_39.txt_Spectrum.png,pipeline_output/report/2026_01_16/Vat_ss_39.txt_Quality.png
Vat_ss_4.txt,Unknown,,-1.2417457,1.0685163,-0.44907123,3,False,0,3,,,,,,,,,,,,,,,,,,,,,,,,,,,,,,,,,,,,,,,,,,,,,,,,,,,,,,,,,,,,,,,,,,,,,,,,,,,,,,,,,,,,,,,,,,,,,,,,pipeline_output/report/2026_01_16/Vat_ss_4.txt_Spectrum.png,pipeline_output/report/2026_01_16/Vat_ss_4.txt_Quality.png
Vat_ss_40.txt,Unknown,,-1.1796494,-0.7901804,-2.357035,4,False,0,4,,,,,,,,,,,,,,,,,,,,,,,,,,,,,,,,,,,,,,,,,,,,,,,,,,,,,,,,,,,,,,,,,,,,,,,,,,,,,,,,,,,,,,,,,,,,,,,,pipeline_output/report/2026_01_16/Vat_ss_40.txt_Spectrum.png,pipeline_output/report/2026_01_16/Vat_ss_40.txt_Quality.png
Vat_ss_41.txt,Unknown,,0.62052226,0.79946494,-4.038044,5,False,0,5,,,,,,,,,,,,,,,,,,,,,,,,,,,,,,,,,,,,,,,,,,,,,,,,,,,,,,,,,,,,,,,,,,,,,,,,,,,,,,,,,,,,,,,,,,,,,,,,pipeline_output/report/2026_01_16/Vat_ss_41.txt_Spectrum.png,pipeline_output/report/2026_01_16/Vat_ss_41.txt_Quality.png
Vat_ss_42.txt,Unknown,,-0.57571507,0.4361082,-3.3092885,5,False,0,5,,,,,,,,,,,,,,,,,,,,,,,,,,,,,,,,,,,,,,,,,,,,,,,,,,,,,,,,,,,,,,,,,,,,,,,,,,,,,,,,,,,,,,,,,,,,,,,,pipeline_output/report/2026_01_16/Vat_ss_42.txt_Spectrum.png,pipeline_output/report/2026_01_16/Vat_ss_42.txt_Quality.png
Vat_ss_43.txt,Unknown,,-1.3947247,0.5771992,-1.6804308,2,False,0,2,,,,,,,,,,,,,,,,,,,,,,,,,,,,,,,,,,,,,,,,,,,,,,,,,,,,,,,,,,,,,,,,,,,,,,,,,,,,,,,,,,,,,,,,,,,,,,,,pipeline_output/report/2026_01_16/Vat_ss_43.txt_Spectrum.png,pipeline_output/report/2026_01_16/Vat_ss_43.txt_Quality.png
Vat_ss_44.txt,Unknown,,-1.5923852,0.61332804,-1.2333724,2,False,0,2,,,,,,,,,,,,,,,,,,,,,,,,,,,,,,,,,,,,,,,,,,,,,,,,,,,,,,,,,,,,,,,,,,,,,,,,,,,,,,,,,,,,,,,,,,,,,,,,pipeline_output/report/2026_01_16/Vat_ss_44.txt_Spectrum.png,pipeline_output/report/2026_01_16/Vat_ss_44.txt_Quality.png
Vat_ss_45.txt,Unknown,,-0.47804618,1.8470436,-0.08637386,3,False,0,3,,,,,,,,,,,,,,,,,,,,,,,,,,,,,,,,,,,,,,,,,,,,,,,,,,,,,,,,,,,,,,,,,,,,,,,,,,,,,,,,,,,,,,,,,,,,,,,,pipeline_output/report/2026_01_16/Vat_ss_45.txt_Spectrum.png,pipeline_output/report/2026_01_16/Vat_ss_45.txt_Quality.png
Vat_ss_46.txt,Unknown,,-1.5277379,0.19357139,-1.111577,2,False,0,2,,,,,,,,,,,,,,,,,,,,,,,,,,,,,,,,,,,,,,,,,,,,,,,,,,,,,,,,,,,,,,,,,,,,,,,,,,,,,,,,,,,,,,,,,,,,,,,,pipeline_output/report/2026_01_16/Vat_ss_46.txt_Spectrum.png,pipeline_output/report/2026_01_16/Vat_ss_46.txt_Quality.png
Vat_ss_47.txt,Unknown,,-1.7150823,0.5934956,-0.878133,2,False,0,2,,,,,,,,,,,,,,,,,,,,,,,,,,,,,,,,,,,,,,,,,,,,,,,,,,,,,,,,,,,,,,,,,,,,,,,,,,,,,,,,,,,,,,,,,,,,,,,,pipeline_output/report/2026_01_16/Vat_ss_47.txt_Spectrum.png,pipeline_output/report/2026_01_16/Vat_ss_47.txt_Quality.png
Vat_ss_48.txt,Unknown,,-0.03974025,0.44027236,-3.7698133,5,False,0,5,,,,,,,,,,,,,,,,,,,,,,,,,,,,,,,,,,,,,,,,,,,,,,,,,,,,,,,,,,,,,,,,,,,,,,,,,,,,,,,,,,,,,,,,,,,,,,,,pipeline_output/report/2026_01_16/Vat_ss_48.txt_Spectrum.png,pipeline_output/report/2026_01_16/Vat_ss_48.txt_Quality.png
Vat_ss_49.txt,Unknown,,-1.5752251,0.43061882,-0.9743285,2,False,0,2,,,,,,,,,,,,,,,,,,,,,,,,,,,,,,,,,,,,,,,,,,,,,,,,,,,,,,,,,,,,,,,,,,,,,,,,,,,,,,,,,,,,,,,,,,,,,,,,pipeline_output/report/2026_01_16/Vat_ss_49.txt_Spectrum.png,pipeline_output/report/2026_01_16/Vat_ss_49.txt_Quality.png
Vat_ss_5.txt,Unknown,,-0.818944,0.915479,-2.6171577,5,False,0,5,,,,,,,,,,,,,,,,,,,,,,,,,,,,,,,,,,,,,,,,,,,,,,,,,,,,,,,,,,,,,,,,,,,,,,,,,,,,,,,,,,,,,,,,,,,,,,,,pipeline_output/report/2026_01_16/Vat_ss_5.txt_Spectrum.png,pipeline_output/report/2026_01_16/Vat_ss_5.txt_Quality.png
Vat_ss_50.txt,Unknown,,1.2811414,0.762641,-4.0176024,5,False,0,5,,,,,,,,,,,,,,,,,,,,,,,,,,,,,,,,,,,,,,,,,,,,,,,,,,,,,,,,,,,,,,,,,,,,,,,,,,,,,,,,,,,,,,,,,,,,,,,,pipeline_output/report/2026_01_16/Vat_ss_50.txt_Spectrum.png,pipeline_output/report/2026_01_16/Vat_ss_50.txt_Quality.png
Vat_ss_51.txt,Unknown,,-0.3525039,-0.4517779,-0.12966268,1,False,0,1,,,,,,,,,,,,,,,,,,,,,,,,,,,,,,,,,,,,,,,,,,,,,,,,,,,,,,,,,,,,,,,,,,,,,,,,,,,,,,,,,,,,,,,,,,,,,,,,pipeline_output/report/2026_01_16/Vat_ss_51.txt_Spectrum.png,pipeline_output/report/2026_01_16/Vat_ss_51.txt_Quality.png
Vat_ss_52.txt,Unknown,,0.8094011,1.2376584,-3.5876691,5,False,0,5,,,,,,,,,,,,,,,,,,,,,,,,,,,,,,,,,,,,,,,,,,,,,,,,,,,,,,,,,,,,,,,,,,,,,,,,,,,,,,,,,,,,,,,,,,,,,,,,pipeline_output/report/2026_01_16/Vat_ss_52.txt_Spectrum.png,pipeline_output/report/2026_01_16/Vat_ss_52.txt_Quality.png
Vat_ss_53.txt,Unknown,,-1.8923558,0.75850475,-1.110551,2,False,0,2,,,,,,,,,,,,,,,,,,,,,,,,,,,,,,,,,,,,,,,,,,,,,,,,,,,,,,,,,,,,,,,,,,,,,,,,,,,,,,,,,,,,,,,,,,,,,,,,pipeline_output/report/2026_01_16/Vat_ss_53.txt_Spectrum.png,pipeline_output/report/2026_01_16/Vat_ss_53.txt_Quality.png
Vat_ss_54.txt,Unknown,,-1.4105425,0.06760128,-1.043956,2,False,0,2,,,,,,,,,,,,,,,,,,,,,,,,,,,,,,,,,,,,,,,,,,,,,,,,,,,,,,,,,,,,,,,,,,,,,,,,,,,,,,,,,,,,,,,,,,,,,,,,pipeline_output/report/2026_01_16/Vat_ss_54.txt_Spectrum.png,pipeline_output/report/2026_01_16/Vat_ss_54.txt_Quality.png
Vat_ss_55.txt,Unknown,,-0.28331193,1.1739657,-2.992832,-1,True,0,-1,,,,,,,,,,,,,,,,,,,,,,,,,,,,,,,,,,,,,,,,,,,,,,,,,,,,,,,,,,,,,,,,,,,,,,,,,,,,,,,,,,,,,,,,,,,,,,,,pipeline_output/report/2026_01_16/Vat_ss_55.txt_Spectrum.png,pipeline_output/report/2026_01_16/Vat_ss_55.txt_Quality.png
Vat_ss_56.txt,Unknown,,-0.9473245,1.0901259,-2.3725832,5,False,0,5,,,,,,,,,,,,,,,,,,,,,,,,,,,,,,,,,,,,,,,,,,,,,,,,,,,,,,,,,,,,,,,,,,,,,,,,,,,,,,,,,,,,,,,,,,,,,,,,pipeline_output/report/2026_01_16/Vat_ss_56.txt_Spectrum.png,pipeline_output/report/2026_01_16/Vat_ss_56.txt_Quality.png
Vat_ss_58.txt,Unknown,,-1.0377122,0.7865562,-2.5394983,5,False,0,5,,,,,,,,,,,,,,,,,,,,,,,,,,,,,,,,,,,,,,,,,,,,,,,,,,,,,,,,,,,,,,,,,,,,,,,,,,,,,,,,,,,,,,,,,,,,,,,,pipeline_output/report/2026_01_16/Vat_ss_58.txt_Spectrum.png,pipeline_output/report/2026_01_16/Vat_ss_58.txt_Quality.png
Vat_ss_59.txt,Unknown,,0.3006263,1.2859923,-3.2494783,-1,True,0,-1,,,,,,,,,,,,,,,,,,,,,,,,,,,,,,,,,,,,,,,,,,,,,,,,,,,,,,,,,,,,,,,,,,,,,,,,,,,,,,,,,,,,,,,,,,,,,,,,pipeline_output/report/2026_01_16/Vat_ss_59.txt_Spectrum.png,pipeline_output/report/2026_01_16/Vat_ss_59.txt_Quality.png
Vat_ss_6.txt,Unknown,,-1.1989874,1.7198478,-0.30179498,3,False,0,3,,,,,,,,,,,,,,,,,,,,,,,,,,,,,,,,,,,,,,,,,,,,,,,,,,,,,,,,,,,,,,,,,,,,,,,,,,,,,,,,,,,,,,,,,,,,,,,,pipeline_output/report/2026_01_16/Vat_ss_6.txt_Spectrum.png,pipeline_output/report/2026_01_16/Vat_ss_6.txt_Quality.png
Vat_ss_60.txt,Unknown,,-0.25473398,-0.5598009,-0.024248812,1,False,0,1,,,,,,,,,,,,,,,,,,,,,,,,,,,,,,,,,,,,,,,,,,,,,,,,,,,,,,,,,,,,,,,,,,,,,,,,,,,,,,,,,,,,,,,,,,,,,,,,pipeline_output/report/2026_01_16/Vat_ss_60.txt_Spectrum.png,pipeline_output/report/2026_01_16/Vat_ss_60.txt_Quality.png
Vat_ss_61.txt,Unknown,,-1.690343,1.0392914,-0.9090126,2,False,0,2,,,,,,,,,,,,,,,,,,,,,,,,,,,,,,,,,,,,,,,,,,,,,,,,,,,,,,,,,,,,,,,,,,,,,,,,,,,,,,,,,,,,,,,,,,,,,,,,pipeline_output/report/2026_01_16/Vat_ss_61.txt_Spectrum.png,pipeline_output/report/2026_01_16/Vat_ss_61.txt_Quality.png
Vat_ss_62.txt,Unknown,,1.5700767,1.374787,-3.647704,5,False,0,5,,,,,,,,,,,,,,,,,,,,,,,,,,,,,,,,,,,,,,,,,,,,,,,,,,,,,,,,,,,,,,,,,,,,,,,,,,,,,,,,,,,,,,,,,,,,,,,,pipeline_output/report/2026_01_16/Vat_ss_62.txt_Spectrum.png,pipeline_output/report/2026_01_16/Vat_ss_62.txt_Quality.png
Vat_ss_63.txt,Unknown,,-1.0248436,1.427451,-0.7163363,3,False,0,3,,,,,,,,,,,,,,,,,,,,,,,,,,,,,,,,,,,,,,,,,,,,,,,,,,,,,,,,,,,,,,,,,,,,,,,,,,,,,,,,,,,,,,,,,,,,,,,,pipeline_output/report/2026_01_16/Vat_ss_63.txt_Spectrum.png,pipeline_output/report/2026_01_16/Vat_ss_63.txt_Quality.png
Vat_ss_64.txt,Unknown,,-0.68131083,1.2441084,-2.6307838,5,False,0,5,,,,,,,,,,,,,,,,,,,,,,,,,,,,,,,,,,,,,,,,,,,,,,,,,,,,,,,,,,,,,,,,,,,,,,,,,,,,,,,,,,,,,,,,,,,,,,,,pipeline_output/report/2026_01_16/Vat_ss_64.txt_Spectrum.png,pipeline_output/report/2026_01_16/Vat_ss_64.txt_Quality.png
Vat_ss_65.txt,Unknown,,-0.8128596,1.6707785,-1.1064056,3,False,0,3,,,,,,,,,,,,,,,,,,,,,,,,,,,,,,,,,,,,,,,,,,,,,,,,,,,,,,,,,,,,,,,,,,,,,,,,,,,,,,,,,,,,,,,,,,,,,,,,pipeline_output/report/2026_01_16/Vat_ss_65.txt_Spectrum.png,pipeline_output/report/2026_01_16/Vat_ss_65.txt_Quality.png
Vat_ss_66.txt,Unknown,,1.8076495,1.1359571,0.69305295,0,False,0,0,,,,,,,,,,,,,,,,,,,,,,,,,,,,,,,,,,,,,,,,,,,,,,,,,,,,,,,,,,,,,,,,,,,,,,,,,,,,,,,,,,,,,,,,,,,,,,,,pipeline_output/report/2026_01_16/Vat_ss_66.txt_Spectrum.png,pipeline_output/report/2026_01_16/Vat_ss_66.txt_Quality.png
Vat_ss_67.txt,Unknown,,1.2065574,0.5117395,-2.986503,-1,True,0,-1,,,,,,,,,,,,,,,,,,,,,,,,,,,,,,,,,,,,,,,,,,,,,,,,,,,,,,,,,,,,,,,,,,,,,,,,,,,,,,,,,,,,,,,,,,,,,,,,pipeline_output/report/2026_01_16/Vat_ss_67.txt_Spectrum.png,pipeline_output/report/2026_01_16/Vat_ss_67.txt_Quality.png
Vat_ss_7.txt,Unknown,,-0.80470407,0.13726372,-2.9280286,-1,True,0,-1,,,,,,,,,,,,,,,,,,,,,,,,,,,,,,,,,,,,,,,,,,,,,,,,,,,,,,,,,,,,,,,,,,,,,,,,,,,,,,,,,,,,,,,,,,,,,,,,pipeline_output/report/2026_01_16/Vat_ss_7.txt_Spectrum.png,pipeline_output/report/2026_01_16/Vat_ss_7.txt_Quality.png
Vat_ss_70.txt,Unknown,,-1.7227119,1.238726,-0.5221116,2,False,0,2,,,,,,,,,,,,,,,,,,,,,,,,,,,,,,,,,,,,,,,,,,,,,,,,,,,,,,,,,,,,,,,,,,,,,,,,,,,,,,,,,,,,,,,,,,,,,,,,pipeline_output/report/2026_01_16/Vat_ss_70.txt_Spectrum.png,pipeline_output/report/2026_01_16/Vat_ss_70.txt_Quality.png
Vat_ss_71.txt,Unknown,,-1.8287988,0.6357205,-1.1975056,2,False,0,2,,,,,,,,,,,,,,,,,,,,,,,,,,,,,,,,,,,,,,,,,,,,,,,,,,,,,,,,,,,,,,,,,,,,,,,,,,,,,,,,,,,,,,,,,,,,,,,,pipeline_output/report/2026_01_16/Vat_ss_71.txt_Spectrum.png,pipeline_output/report/2026_01_16/Vat_ss_71.txt_Quality.png
Vat_ss_73.txt,Unknown,,-0.54626775,1.5733571,-0.8383302,3,False,0,3,,,,,,,,,,,,,,,,,,,,,,,,,,,,,,,,,,,,,,,,,,,,,,,,,,,,,,,,,,,,,,,,,,,,,,,,,,,,,,,,,,,,,,,,,,,,,,,,pipeline_output/report/2026_01_16/Vat_ss_73.txt_Spectrum.png,pipeline_output/report/2026_01_16/Vat_ss_73.txt_Quality.png
Vat_ss_74.txt,Unknown,,-1.0860331,1.0847694,-0.8026064,3,False,0,3,,,,,,,,,,,,,,,,,,,,,,,,,,,,,,,,,,,,,,,,,,,,,,,,,,,,,,,,,,,,,,,,,,,,,,,,,,,,,,,,,,,,,,,,,,,,,,,,pipeline_output/report/2026_01_16/Vat_ss_74.txt_Spectrum.png,pipeline_output/report/2026_01_16/Vat_ss_74.txt_Quality.png
Vat_ss_75.txt,Unknown,,0.9931024,0.37522626,-2.8443608,-1,True,0,-1,,,,,,,,,,,,,,,,,,,,,,,,,,,,,,,,,,,,,,,,,,,,,,,,,,,,,,,,,,,,,,,,,,,,,,,,,,,,,,,,,,,,,,,,,,,,,,,,pipeline_output/report/2026_01_16/Vat_ss_75.txt_Spectrum.png,pipeline_output/report/2026_01_16/Vat_ss_75.txt_Quality.png
Vat_ss_76.txt,Unknown,,0.32141715,0.42049354,-3.7241194,5,False,0,5,,,,,,,,,,,,,,,,,,,,,,,,,,,,,,,,,,,,,,,,,,,,,,,,,,,,,,,,,,,,,,,,,,,,,,,,,,,,,,,,,,,,,,,,,,,,,,,,pipeline_output/report/2026_01_16/Vat_ss_76.txt_Spectrum.png,pipeline_output/report/2026_01_16/Vat_ss_76.txt_Quality.png
Vat_ss_77.txt,Unknown,,-0.67739123,0.3929334,-3.25711,5,False,0,5,,,,,,,,,,,,,,,,,,,,,,,,,,,,,,,,,,,,,,,,,,,,,,,,,,,,,,,,,,,,,,,,,,,,,,,,,,,,,,,,,,,,,,,,,,,,,,,,pipeline_output/report/2026_01_16/Vat_ss_77.txt_Spectrum.png,pipeline_output/report/2026_01_16/Vat_ss_77.txt_Quality.png
Vat_ss_78.txt,Unknown,,1.1259977,1.0619439,-3.9106255,5,False,0,5,,,,,,,,,,,,,,,,,,,,,,,,,,,,,,,,,,,,,,,,,,,,,,,,,,,,,,,,,,,,,,,,,,,,,,,,,,,,,,,,,,,,,,,,,,,,,,,,pipeline_output/report/2026_01_16/Vat_ss_78.txt_Spectrum.png,pipeline_output/report/2026_01_16/Vat_ss_78.txt_Quality.png
Vat_ss_79.txt,Unknown,,-0.87961155,-0.30343363,-2.6464462,-1,True,0,-1,,,,,,,,,,,,,,,,,,,,,,,,,,,,,,,,,,,,,,,,,,,,,,,,,,,,,,,,,,,,,,,,,,,,,,,,,,,,,,,,,,,,,,,,,,,,,,,,pipeline_output/report/2026_01_16/Vat_ss_79.txt_Spectrum.png,pipeline_output/report/2026_01_16/Vat_ss_79.txt_Quality.png
Vat_ss_8.txt,Unknown,,-0.76904374,0.961331,-2.470502,5,False,0,5,,,,,,,,,,,,,,,,,,,,,,,,,,,,,,,,,,,,,,,,,,,,,,,,,,,,,,,,,,,,,,,,,,,,,,,,,,,,,,,,,,,,,,,,,,,,,,,,pipeline_output/report/2026_01_16/Vat_ss_8.txt_Spectrum.png,pipeline_output/report/2026_01_16/Vat_ss_8.txt_Quality.png
Vat_ss_80.txt,Unknown,,-0.33550635,-0.40284142,-2.9582236,5,False,0,5,,,,,,,,,,,,,,,,,,,,,,,,,,,,,,,,,,,,,,,,,,,,,,,,,,,,,,,,,,,,,,,,,,,,,,,,,,,,,,,,,,,,,,,,,,,,,,,,pipeline_output/report/2026_01_16/Vat_ss_80.txt_Spectrum.png,pipeline_output/report/2026_01_16/Vat_ss_80.txt_Quality.png
Vat_ss_81.txt,Unknown,,0.3603679,0.60017335,-3.5172112,5,False,0,5,,,,,,,,,,,,,,,,,,,,,,,,,,,,,,,,,,,,,,,,,,,,,,,,,,,,,,,,,,,,,,,,,,,,,,,,,,,,,,,,,,,,,,,,,,,,,,,,pipeline_output/report/2026_01_16/Vat_ss_81.txt_Spectrum.png,pipeline_output/report/2026_01_16/Vat_ss_81.txt_Quality.png
Vat_ss_82.txt,Unknown,,0.10645066,0.6975045,-3.5928433,5,False,0,5,,,,,,,,,,,,,,,,,,,,,,,,,,,,,,,,,,,,,,,,,,,,,,,,,,,,,,,,,,,,,,,,,,,,,,,,,,,,,,,,,,,,,,,,,,,,,,,,pipeline_output/report/2026_01_16/Vat_ss_82.txt_Spectrum.png,pipeline_output/report/2026_01_16/Vat_ss_82.txt_Quality.png
Vat_ss_83.txt,Unknown,,0.34369177,0.359243,-3.830426,5,False,0,5,,,,,,,,,,,,,,,,,,,,,,,,,,,,,,,,,,,,,,,,,,,,,,,,,,,,,,,,,,,,,,,,,,,,,,,,,,,,,,,,,,,,,,,,,,,,,,,,pipeline_output/report/2026_01_16/Vat_ss_83.txt_Spectrum.png,pipeline_output/report/2026_01_16/Vat_ss_83.txt_Quality.png
Vat_ss_84.txt,Unknown,,0.6130671,0.5663724,-4.149874,5,False,0,5,,,,,,,,,,,,,,,,,,,,,,,,,,,,,,,,,,,,,,,,,,,,,,,,,,,,,,,,,,,,,,,,,,,,,,,,,,,,,,,,,,,,,,,,,,,,,,,,pipeline_output/report/2026_01_16/Vat_ss_84.txt_Spectrum.png,pipeline_output/report/2026_01_16/Vat_ss_84.txt_Quality.png
Vat_ss_85.txt,Unknown,,1.0913426,1.3161767,0.5861941,0,False,0,0,,,,,,,,,,,,,,,,,,,,,,,,,,,,,,,,,,,,,,,,,,,,,,,,,,,,,,,,,,,,,,,,,,,,,,,,,,,,,,,,,,,,,,,,,,,,,,,,pipeline_output/report/2026_01_16/Vat_ss_85.txt_Spectrum.png,pipeline_output/report/2026_01_16/Vat_ss_85.txt_Quality.png
Vat_ss_86.txt,Unknown,,-0.3489958,0.16378422,-3.4717011,5,False,0,5,,,,,,,,,,,,,,,,,,,,,,,,,,,,,,,,,,,,,,,,,,,,,,,,,,,,,,,,,,,,,,,,,,,,,,,,,,,,,,,,,,,,,,,,,,,,,,,,pipeline_output/report/2026_01_16/Vat_ss_86.txt_Spectrum.png,pipeline_output/report/2026_01_16/Vat_ss_86.txt_Quality.png
Vat_ss_87.txt,Unknown,,1.2942233,1.1415013,-3.9486609,5,False,0,5,,,,,,,,,,,,,,,,,,,,,,,,,,,,,,,,,,,,,,,,,,,,,,,,,,,,,,,,,,,,,,,,,,,,,,,,,,,,,,,,,,,,,,,,,,,,,,,,pipeline_output/report/2026_01_16/Vat_ss_87.txt_Spectrum.png,pipeline_output/report/2026_01_16/Vat_ss_87.txt_Quality.png
Vat_ss_88.txt,Unknown,,-0.5973258,1.7344093,-0.8092379,3,False,0,3,,,,,,,,,,,,,,,,,,,,,,,,,,,,,,,,,,,,,,,,,,,,,,,,,,,,,,,,,,,,,,,,,,,,,,,,,,,,,,,,,,,,,,,,,,,,,,,,pipeline_output/report/2026_01_16/Vat_ss_88.txt_Spectrum.png,pipeline_output/report/2026_01_16/Vat_ss_88.txt_Quality.png
Vat_ss_89.txt,Unknown,,1.553243,1.1974952,-4.0247645,5,False,0,5,,,,,,,,,,,,,,,,,,,,,,,,,,,,,,,,,,,,,,,,,,,,,,,,,,,,,,,,,,,,,,,,,,,,,,,,,,,,,,,,,,,,,,,,,,,,,,,,pipeline_output/report/2026_01_16/Vat_ss_89.txt_Spectrum.png,pipeline_output/report/2026_01_16/Vat_ss_89.txt_Quality.png
Vat_ss_9.txt,Unknown,,-0.08992507,0.022357462,-2.8983984,5,False,0,5,,,,,,,,,,,,,,,,,,,,,,,,,,,,,,,,,,,,,,,,,,,,,,,,,,,,,,,,,,,,,,,,,,,,,,,,,,,,,,,,,,,,,,,,,,,,,,,,pipeline_output/report/2026_01_16/Vat_ss_9.txt_Spectrum.png,pipeline_output/report/2026_01_16/Vat_ss_9.txt_Quality.png
Vat_ss_90.txt,Unknown,,0.7930857,0.52745616,-3.8642612,5,False,0,5,,,,,,,,,,,,,,,,,,,,,,,,,,,,,,,,,,,,,,,,,,,,,,,,,,,,,,,,,,,,,,,,,,,,,,,,,,,,,,,,,,,,,,,,,,,,,,,,pipeline_output/report/2026_01_16/Vat_ss_90.txt_Spectrum.png,pipeline_output/report/2026_01_16/Vat_ss_90.txt_Quality.png
Vat_ss_91.txt,Unknown,,1.1023074,0.58877504,-3.7134187,5,False,0,5,,,,,,,,,,,,,,,,,,,,,,,,,,,,,,,,,,,,,,,,,,,,,,,,,,,,,,,,,,,,,,,,,,,,,,,,,,,,,,,,,,,,,,,,,,,,,,,,pipeline_output/report/2026_01_16/Vat_ss_91.txt_Spectrum.png,pipeline_output/report/2026_01_16/Vat_ss_91.txt_Quality.png
Vat_ss_92.txt,Unknown,,-0.7446115,-0.1727279,-2.4492526,-1,True,0,-1,,,,,,,,,,,,,,,,,,,,,,,,,,,,,,,,,,,,,,,,,,,,,,,,,,,,,,,,,,,,,,,,,,,,,,,,,,,,,,,,,,,,,,,,,,,,,,,,pipeline_output/report/2026_01_16/Vat_ss_92.txt_Spectrum.png,pipeline_output/report/2026_01_16/Vat_ss_92.txt_Quality.png
Vat_ss_93.txt,Unknown,,1.0375888,0.45992675,-3.559017,5,False,0,5,,,,,,,,,,,,,,,,,,,,,,,,,,,,,,,,,,,,,,,,,,,,,,,,,,,,,,,,,,,,,,,,,,,,,,,,,,,,,,,,,,,,,,,,,,,,,,,,pipeline_output/report/2026_01_16/Vat_ss_93.txt_Spectrum.png,pipeline_output/report/2026_01_16/Vat_ss_93.txt_Quality.png
Vat_ss_94.txt,Unknown,,1.0525347,0.43831345,-3.9571187,5,False,0,5,,,,,,,,,,,,,,,,,,,,,,,,,,,,,,,,,,,,,,,,,,,,,,,,,,,,,,,,,,,,,,,,,,,,,,,,,,,,,,,,,,,,,,,,,,,,,,,,pipeline_output/report/2026_01_16/Vat_ss_94.txt_Spectrum.png,pipeline_output/report/2026_01_16/Vat_ss_94.txt_Quality.png
Vat_ss_99.txt,Unknown,,-0.58484346,1.2941622,-1.6223394,-1,True,0,-1,,,,,,,,,,,,,,,,,,,,,,,,,,,,,,,,,,,,,,,,,,,,,,,,,,,,,,,,,,,,,,,,,,,,,,,,,,,,,,,,,,,,,,,,,,,,,,,,pipeline_output/report/2026_01_16/Vat_ss_99.txt_Spectrum.png,pipeline_output/report/2026_01_16/Vat_ss_99.txt_Quality.png
